Method,Accuracy,Precision,Recall,F1_Score,Average
SVM,0.9947953298635532,0.9908889730656513,0.9987741896589836,0.9948159564460279,0.9948186122585541
LR,0.9948556156180295,0.9903817432343629,0.9994172377067299,0.994878975795159,0.9948833930885703
kNN,0.9981612844884754,0.997891142799759,0.9984325703836183,0.9981617831707733,0.9981616952106565
RF,0.9999196189940317,0.9999397118225116,0.9998995237425397,0.9999196173787227,0.9999196179844514
DT,0.9680385025018589,0.9985017764650486,0.9374836726081627,0.9670311447375239,0.9677637740781486
NB,0.8391073689287222,0.9948390123746408,0.681751502120049,0.8090621832707328,0.8311900166735362
